{"cameraMode":{"drawMode":2,"name":"Shaded Wireframe","section":"Shading Mode"},"sceneLighting":true,"audioPlay":false,"sceneViewState":{"m_AlwaysRefresh":false,"showFog":true,"showSkybox":true,"showFlares":true,"showImageEffects":true,"showParticleSystems":true,"showVisualEffectGraphs":true,"m_FxEnabled":true},"in2DMode":false,"pivot":{"x":14.781702041625977,"y":-6.043790340423584,"z":28.015296936035158},"rotation":{"x":0.03780059888958931,"y":-0.008925853297114373,"z":0.00030560168670490384,"w":0.9993112683296204},"size":11.05771541595459,"orthographic":false}