{"cameraMode":{"drawMode":2,"name":"Shaded Wireframe","section":"Shading Mode"},"sceneLighting":true,"audioPlay":false,"sceneViewState":{"m_AlwaysRefresh":false,"showFog":true,"showSkybox":true,"showFlares":true,"showImageEffects":true,"showParticleSystems":true,"showVisualEffectGraphs":true,"m_FxEnabled":true},"in2DMode":false,"pivot":{"x":15.021363258361817,"y":-4.325284481048584,"z":7.370514392852783},"rotation":{"x":0.0647672638297081,"y":0.0015647299587726594,"z":-0.00013246668095234782,"w":0.9979658126831055},"size":0.33695924282073977,"orthographic":false}